ID,dyu,fr
ID_17345911362699,an kelen duron le tun be yi,0
ID_173626847.3381,o ka papiye farana.,0
ID_17704632382547,n tɔrɔla kɔ tuguni,0
ID_19793499384156,i tun b'a daminɛ tan kɛ.,0
ID_17802727385575,a kɛra ka ban.,0
ID_18445084338676,filaburu binkɛnɛman djalamani,0
ID_17850085388102,a k'a fo drɔn k'a ka taga.,0
ID_19566302390136,ɔnhɔn tile biseegi la.,0
ID_17515367391652,a ka di' ye wa,0
ID_19966078393023,a ka duguba bi mambuwe.,0
ID_17910778420575,ni ka mobili.,0
ID_17735699421931,dɔnidɔni a b'a yɛrɛ gwan.,0
ID_17813760423166,a be bɔra ni sevali ye.,0
ID_18269245.34243,a bɔra ni soo te wangɛ la,0
ID_18405885425448,bon bisaba ni kelen.,0
ID_17319140426507,an be bara la.,0
ID_19613786342747,a be tukɔnɔ,0
ID_17391975342844,djaa o bi taga kɛpila,0
ID_17445758429916,sisɛfankili tan ni fila filɛ.,0
ID_17355066431008,jɔn lo kaɲi ka zuwe,0
ID_18920222432338,na ni fila walima saaba,0
ID_18436971433452,mɔgɔ bisaba.,0
ID_17463529434422,a be ni kɛ ne ye lon bɛ.,0
ID_17354760343547,o tun m'a lamɛ.,0
ID_18272816343653,barka be ala ye.,0
ID_19137424437517,ko n ye worola,0
ID_18459989438482,an b'an ka sɛbɛ kalan na.,0
ID_18077582439786,aw furula wa?,0
ID_17374000440788,mɔgɔ lɔnniw.,0
ID_18797883441765,a ye fɛn ni bila dugukolo kan.,0
ID_17358254344294,mobilideni wulemaw.,0
ID_17447277443925,yan breton kan le bi fɔla,0
ID_17826253444936,n yala a kununa sinɔgɔ la wa,0
ID_17404570344592,mongal sabalini de dɛ,0
ID_17378625.34469,o le cɔ,0
ID_18463134447871,misel na na da ɲɛlɛ a ye,0
ID_173554067.3449,tuma juma aw bi na aw labɛn?,0
ID_18665907450058,i ye taga jona,0
ID_18750338451047,a be tagala ni jidili ye,0
ID_17483373452082,n dalebala k'a a tun diala o ye,0
ID_17326442453307,a ye pɛntiri son kelen tà,0
ID_18111242454418,ka na taga,0
ID_18759562455455,deen be kɔrɔbayala,0
ID_17313091456395,n bi sinaɲɔgɔya ni lo ɲiningala.,0
ID_17927866457532,hɛrve b'a mako donna foro la..,0
ID_17452640458633,ko ni jeni muw sii da sera sans mugan na,0
ID_17315114346023,an mako bi wagatila,0
ID_17441848346136,an be yirideen dumuna,0
ID_18335425462477,wa anw ni ce,0
ID_17845246463552,otɛl kɛnɛmana,0
ID_18262976346486,nn dalebala k'a bi na diya i ye,0
ID_17721516465989,cɛɛ n be kalen.,0
ID_17821443467088,i lanibala ko a ba fɛ wa,0
ID_18000481468175,i be boli ni teliya juman ye ?,0
ID_18605003469548,eduari ko i k'a minɛ.,0
ID_17339951470669,i darala k'a bi na diya o ye wa?,0
ID_18046734347169,n se tɔ le ye lu kɔnɔ.,0
ID_17867029472676,mina malo bôrô san ni kalo ni nan,0
ID_19800468473673,bara ni ka tchia,0
ID_17745227474672,jikɛ mɔgɔdɔ ko a bi se ka kɛ,0
ID_19203355475907,a ka barada ye avokaya ye.,0
ID_18432806347694,an ka baro ɲagamina.,0
ID_19750390477955,sirabsuruɲɛna,0
ID_19717792479416,hawa ka ko ɲanin ɲɔgɔn bi sɔrɔ,0
ID_19726173480668,o y'a tilan sigiyɔrɔma saba naaninan.,0
ID_18055040481822,nin bɛɛ yi galon ne ye,0
ID_18814562482883,o yi maraci gilan,0
ID_18149147348391,dusu faga,0
ID_17407707484902,a bi se.,0
ID_19607909485923,nin tigira mɔgɔni bi hakili dɔ dira a ma,0
ID_19406595487167,a ɲagɛ mɔgɔ tun ye asan sɛki ye,0
ID_18193045488228,n balimamuso a fɔ n ye.,0
ID_18509017350531,an ni wula an ka kalanɲamɔgɔw.,0
ID_17408815506694,o bi n'a tuma juma,0
ID_19826567350786,a son man gwɛlɛn mɔgɔ tara,0
ID_18217346350925,n kɔrɔtɔ ni lo a ka segi kana,0
ID_17674998.35105,a flɛ fa lo bi ra,0
ID_17343657511424,lɔgɔfiɛni bi lɔ lamusa lon,0
ID_17340690512287,a ka jugu ko jugu,0
ID_18720100513162,a ta bagaw taara.,0
ID_19615207514426,a ka kɛlɛlaban le ye nin ye.,0
ID_17353344351557,sama finman den mugan ni fila,0
ID_17410670351663,sigi yɔrɔ nɛrɛmuguman wɛrɛ,0
ID_18499346517663,n ka boɲɛ bi'o ye,0
ID_18147545541744,n kakan ka barakɛ,0
ID_19484018354736,niyɔrk noɛl lon wulafɛ,0
ID_17961164354866,golɛk sira jati yɔrɔla,0
ID_18000401550217,a sɔngɔ ka ca kojugu,0
ID_17506200551352,a cɛkaɲi yɛrɛyɛrɛla,0
ID_19872691355244,mai sera ka kisira,0
ID_20024632553708,seba y'a ɲagamina,0
ID_18058539554678,kalan min ka kan,0
ID_17366483555694,waribilaso yɔrɔ ka jan.,0
ID_17334749556805,tulokɛ sera i ma,0
ID_17782623558054,lisiɲi sornai ka sira,0
ID_19607886559785,a yi dɔktɛriya sɔrɔ,0
ID_18087638560998,wulafɛ nigɛ tayan wulonfilanan.,0
ID_18902760562088,ka to a ma darakan di,0
ID_18910746563156,fɔlɔra anw ye kow kɛ min ma faga,0
ID_17443292356419,a bi yèlèmana,0
ID_18699398565419,abè na ki le tan a ni kon non ton,0
ID_19701294566492,aba filè la kodjougou,0
ID_19954712567853,ko nounou da siri,0
ID_17507532569238,obi mi?,0
ID_17332265570511,a ka bon ko sêbê,0
ID_17802702571646,a ka livrou,0
ID_17406552572736,ini o ti yongon famou na,0
ID_18128223357383,bâ konon bi yèrè,0
ID_17713981574913,musodeenmi ja ka gwɛlɛn o bɛra,0
ID_17307511575962,a ni ce kursɔn cɛ.,0
ID_18730092577201,aw a kagni,0
ID_18809212578258,a tun bi tulon kɛra ni an ye.,0
ID_18230125579905,mourou non lo,0
ID_18914208358102,a bi n'a bɔ a ka kalifa bon n'a,0
ID_18346272582094,mesie fernan,0
ID_18166259358307,an ka ko nunu latilan.,0
ID_19607685583984,a tun ye yɔrɔw sɔrɔ atlanta.,0
ID_19311073585072,o bi ɲɔgɔnkunlamɛ yɔrɔ kɛra primoriye.,0
ID_19586334586211,a ye sigi a sen kan.,0
ID_17299401587291,a man caa ka se o ma.,0
ID_18047724589005,jabarani flɛnan ka di ne ye,0
ID_18915091359038,son kuntanw ba ra,0
ID_19493782591464,kazak siti y'a bɔyɔrɔye,0
ID_18684222.35925,tao be sanu bɔ yɔrɔ la.,0
ID_18906076359353,an be tara,0
ID_19737784359459,tabali bilara,0
ID_19485837595612,a ɲɛna ripɔst kenedi,0
ID_18610323359668,n ti nin fɛ.,0
ID_18022509640647,an ka bori,0
ID_17903030642263,n bi na weele,0
ID_17470008643775,n bi fɛ ka teliya sisan,0
ID_19797724364501,i bi na kila ka sogo ni ta,0
ID_19847331646142,yupiii a kaɲi tan,0
ID_18511675647203,mɔgɔ mugan ni wɔɔrɔ,0
ID_17441853648229,a pan nà,0
ID_18497574649778,a yi papie dɔ di a ma,0
ID_18894524365088,dayɛlɛla nin bi ni a dɔgɔni ye,0
ID_18402598651898,a ma see ow ma,0
ID_18337425652892,a bi n'a kɛ i dɔgɔni fɛ,0
ID_18046041.36539,mɔgɔ min ti gwɛrɛ bi sɔkɔ,0
ID_17458708365515,a ka gwɛlɛn,0
ID_18390694656194,ɛlvi muri ka sira,0
ID_18062626657327,kana na yan,0
ID_19977990658369,a bi sé don na yananma,0
ID_18388692366153,bolo fara na yonhon kan,0
ID_18490766663476,i dani do'a ra k'a bi n fɛ wa,0
ID_17752342664718,a sera ka don ka kɛ fɔlɔ ye,0
ID_17525637665862,nin ka ɲi.,0
ID_18475869366697,a bina kɛ i dɔgɔni fɛ.,0
ID_18053523668106,kɔrɔsigibaga ye seen gosi.,0
ID_18864067670146,n kanɲi ka n yɛrɛ yira,0
ID_17359898671296,n kaɲi ka n yɛrɛ yira,0
ID_19729501672633,a y'a jɔyɔrɔlon sée tan,0
ID_18014424367378,godɛn ka muso mun lo beyi ?,0
ID_18661063674867,a ta ye ka a kalan.,0
ID_20032041675911,jɛnɲɔgɔn ti sanpenu fɛ.,0
ID_18014698367692,a tɔgɔ ka fɔ.,0
ID_17721282678026,n yi mɔgɔ duuru ye o cɛma.,0
ID_18910747679593,siniyansigijan.,0
ID_17379835680644,fanga bi a ra,0
ID_19800411681786,ne la boon donda le,0
ID_18824854682792,nne min ya fo ka n kan kɔrɔta do,0
ID_18922397683734,un ka na devoir labab,0
ID_18280399684678,kalan sira naani,0
ID_18824354685567,i ye n tɔrɔ ka tɛmɛ,0
ID_20036022368655,jɔn le ? a y'a fɔ klopɛn .,0
ID_19533785687472,a kagni,0
ID_19581963688364,a filɛ ni siri bala,0
ID_17408782689802,mɔgɔ danganiw.,0
ID_19156449690765,o ka gilanli fari golola,0
ID_17409193369195,sunguru jamanjan.,0
ID_17411136692992,ala yafara aw ma.,0
ID_17418869693957,sigilanfitini wɔrɔ.,0
ID_19579590694992,"faa ye, faa ye.",0
ID_19604119695974,a kɔnɔ waganin lo.,0
ID_18625065696935,a kun b'a dimi.,0
ID_18538861697913,florence toumbi len kèra,0
ID_18096580699133,enjolas ko demissèni nounou,0
ID_17805119700197,i da bɔ a la.,0
ID_17365456701148,den nin lo bi tulon kɛ.,0
ID_17418959370241,jigɛminɛra fari,0
ID_17408855703334,a tun bi min ?,0
ID_18335424704238,a ye a ye min sɛbɛ.,0
ID_17346417705146,sèbê lé,0
ID_17409475706045,ayé doumou ni kè don doni,0
ID_19870183706896,a fatchè yi kibaria di la yé,0
ID_19950489707745,lilienfel lo ya ka douhou yé,0
ID_17836687708673,ee bɛn an bi se ka kɔnɔlikɛ,0
ID_18052980714192,ɔnhɔn a kɛ la.,0
ID_18063883715143,cqnari mougan,0
ID_17701366371593,rené panix ka sira,0
ID_19371942716536,fini wolola emili romani,0
ID_19438639717093,a dencɛ ploleme bilara a nɔna.,0
ID_18742735717692,aw lou yi djon yé?,0
ID_17961870718245,a ka ke gou,0
ID_17749630719096,a ye sɛzi keleen di a ma,0
ID_17962629719902,a yi ka kle dian,0
ID_18901487720477,ka bi n'a kɔsegira,0
ID_17588883721042,o tumana aw y'a furucɛ le ye wa ?,0
ID_17364568721592,a bina da yɛlɛ tuma juman?,0
ID_18487494372226,bina sissan,0
ID_17353521372306,a tou y'a fo fa bi yèlè,0
ID_18441533372363,a sera,0
ID_17551309372417,a ka ɲi ka ɲɛn.,0
ID_18029370724709,livru bi tabali duguma,0
ID_17358219372524,bɛngɛn mugan ni duuru,0
ID_17384743.37258,kɔnɔni,0
ID_18420477726344,deenmisɛnni miw tun bi sirana ɲɛ y'o ɲamalɔ,0
ID_19710939726876,o y'a faga l'île saba tɛmɛni kɔfɛ,0
ID_19755368727424,a ka kunsigi mɛsi nunu yera vatiri kɔnɔ,0
ID_17324872728251,sɛbɛri yɛlɛma la ma se ka bɔ,0
ID_18894544729432,n seen bi yɛrɛyɛrɛla farigolo ka bugɔ ni kɔsɔn,0
ID_19417369730133,o fagan taga fan boɲɛna nin a ye,0
ID_19856163730729,o ti barakɛ ka bɔ ɲɔngɔn kɔ fo ka tle ban,0
ID_18293222373128,manetusɔrɔ sira watan ni seegi,0
ID_19607262731825,romanasɔn ye ruman ka kumakan dɔ juruden ta,0
ID_19531979732436,lirɛn bi barakɛ yɔrɔ kura ra,0
ID_19632032733037,kɔnglomera mahɛndra ka barasigida le.,0
ID_17726553373358,lale ka sigiyɔrɔ sɛz,0
ID_19502265373414,etamin farani a kan,0
ID_17373531734808,bisaba ka ɲɔgɔnbɛn,0
ID_19279412735378,mogo si gi yôrô,0
ID_17926692735964,sabari la toutou n kô,0
ID_18751514373652,alà ka i wolo low fêti dia,0
ID_18686693737063,ko foyi,0
ID_18091646737628,vovɛr ka galinan burz .,0
ID_18113756738167,"sɛn tigal sigiyɔrɔ, laval .",0
ID_18802511738904,nin a be ji min.,0
ID_19798889739753,a kulera ko kalanfa,0
ID_19865003740401,a ɲamɔgɔya tradi ofis de spɔr le man o san,0
ID_19541132741078,dogo yɔrɔ yemandi ni kurunina,0
ID_17651668741636,gourville sira kan,0
ID_20015965374217,feen kɔrɔ dogoni foyi ti se ka fan fila datugu,0
ID_19735016374282,ekipe besɔn sosure sojasun tilara witiyɛme placi le ra.,0
ID_20019692743362,a ka famu y'a ni sigi nin bɛ ɛnperatif de pretorizatiɔn na,0
ID_19417924743913,a degirira joona ka tɛmɛ ni mɔgɔ ye epi a fagan ka bon,0
ID_19761759744519,stadi miniw bisera ka jaama ta kelen bɛɛ farani no a ka,0
ID_18545968745062,larafa lɔgɔ bi n n'a kɔsɔbɛ mɛ a ye kamele wɛrɛ sɔrɔ,0
ID_19706383.37456,djènèya ti kè yanyorô la dè,0
ID_19642008746135,toma flanagan sɛkɔra a kan ko proze filea fɔg ko ɲa foyi t'a ra.,0
ID_19788384374677,o tara dun sigɛsigɛriw kɔnɔ ɔrbit,0
ID_18097833747344,an y'a lamaria an ga se ka ka miriya fɔ mankan damanina,0
ID_19527781747911,a saara a facɛ ɲɛ kasɔrɔ a ma den sɔrɔ,0
ID_17864339.37485,klasi segi zozef kutɛl .,0
ID_18730834749485,madam ko fo sɛn zɛrmɛn .,0
ID_18562646750067,ko min toi gou râ a kow,0
ID_17801241375061,jɔn ne ye aw ɲiniga,0
ID_17835619751144,sèbè li djan dô,0
ID_18168544751686,anw yi gosi kan dɔ mɛ.,0
ID_18540089375222,walisa n da ni bɛ aw ra.,0
ID_17418731752975,n b'a lɔn kɔsɔbɛ n ka min fɔ.,0
ID_18026904753557,a kaɲ a ye kuma tiɲɛ sira kan,0
ID_17704618754103,a kaɲ a fɔ,0
ID_18439204754642,kounou o toumbi djigê minè na,0
ID_19793216755178,en tou ma la a la,0
ID_17946540755708,a doña ni ya djougou yé,0
ID_18018235756237,"aka fissa,ini tchié",0
ID_17955669756795,cafode ka sira wolofila,0
ID_18487323757324,ibi moulo doumna dô,0
ID_18049335757899,o bi da gossi la,0
ID_19678412758528,mogô min be dôrô mi aka kènèya bi farassi la,0
ID_18270052759527,krevɛn ka sira bose kɔnɔna na.,0
ID_18074798760126,i larara ko a bina diya a ye?,0
ID_17822729760679,a bi sɔsɔri kun bɔ jati.,0
ID_18925105761234,yɔrɔ naani bi kɛnɛgɛ kɔnɔ,0
ID_18095891761804,jan jaama kuntigi y'a kɔnɔ,0
ID_18110845762343,tile ye hɔrɔncɛ le ye.,0
ID_17333394376296,an tun bi tagara min,0
ID_18462260763487,a bi barakɛ ɲanama,0
ID_18899338764062,aminè aké bi yoni kali kèra,0
ID_17470819764715,ne ka kènè,0
ID_19776970376526,a yengi la ni kalo dourou kasso sigi yé,0
ID_19709452.37658,bibi ni na a bi balo la tirana,0
ID_18814666766332,an bi n'a kɛ kɔɲɔn sora,0
ID_18902440766859,orbey ka tama sira mougan,0
ID_20005660767643,sissan a ya daminè ka toga film tourné,0
ID_17808812376821,a toun bi siran ne yè,0
ID_17432302769002,i lara râ ko an bâ fè?,0
ID_19947311376972,galon alé ni tien tchè,0
ID_17954631770275,faou ka dougpu,0
ID_17767903377093,a bi fantan tasuma kɛ ra.,0
ID_17964874771489,a minè dougou bâ lo,0
ID_18126863772044,delna ti fé wa?,0
ID_18062620772664,kèlè yamogô ma,0
ID_19602391377321,ta cɔgɔ gansan!,0
ID_18049165773756,badine ka taama sira antibes,0
ID_19097447774285,djigi tigè ka bow,0
ID_18888601774817,an bi nɔgɔ ni an ka denw ye,0
ID_17726339775356,n ka ko ɲɛ na fo sisan.,0
ID_18464461775895,bahad kanpɛr ka fɔlikɛlaw,0
ID_17362349776548,i kɔrɔmuso tun ka di anw ye.,0
ID_17307565377711,aw y'a dari ni jagwɛlɛya ye.,0
ID_18169599777683,biju kelen di an ba ma,0
ID_19386797778214,an bɛɛ tina se.,0
ID_17408831778875,jonlo bi nana aw dɛmɛ,0
ID_18831142779473,"yoyo clan ko,ne ka sira tara",0
ID_17365718780005,ayiva na lolé yan,0
ID_18445092378054,famatigi tun b'a boɲɛ.,0
ID_19682605781073,a lon dugusagɛ o y'a wele mɔgɔ da nunu cɛma,0
ID_19791189781614,soudjan lo bâ kôrôssila,0
ID_18154288782265,n tina se o ka galontigɛ ko nin na galontigɛ ko nunu bɛ.,0
ID_19718675782926,o y'a filɛ bolitumana ka ye ko fɛn ni tun bara,0
ID_19766395783472,a farani lo mɔgɔba kɛn katpɔl la.,0
ID_19638967784015,sisan a ka kɛ sirinam ni guyana ale ni guyane lo tora k'a fɔ.,0
ID_19719034784556,fɛ cɛɲuma dɔ tuma sera,0
ID_17930374785086,n facɛ ma kunafoli labɛn n'a ni san,0
ID_18118500378562,an bi n'a dumini kɛ y'a ni dɔɔni,0
ID_17383774786154,an ka papier saba,0
ID_17320479786685,a bi gêlèya kouma fora,0
ID_18217341787236,a bi mun le dayɛrɛ la ?,0
ID_17809453787904,n tun b'a fɛ k'a faga.,0
ID_18138350788452,a tun yɛlɛ la tuma dɔ.,0
ID_19452565378911,mogô tchama lo bi a kala ma,0
ID_19741269378966,o bi donkili dara,0
ID_19016488790193,ayi môgô saba filè,0
ID_18475351790736,a bi yɔrɔglanni kolore jona.,0
ID_19798808791318,a ka ca ni i ɲa bi min n'a ni ye,0
ID_19793652791869,a ba nɔrɔ a yɛrɛla tuguni,0
ID_19798135792472,sisan a bi taga a keleen,0
ID_18446322793025,ɲaden kɔrɔsilan do n fɛ,0
ID_18410319793662,o talo tun,0
ID_18441508794205,n ta bi n'a,0
ID_18726550794765,ani jana ko,0
ID_18408908795295,a ni sans kuraw,0
ID_18486300795824,sissan a bi gigê minè na,0
ID_17948261796356,mbi ta daboala,0
ID_17737553796873,jɔn le kunafoli nin san na ?,0
ID_18876484379742,a bi a kɛcogo filɛ.,0
ID_17359457797958,n sigiyɔrɔ labɛn nin lo ka bila.,0
ID_18049870379849,a y'a yɛrɛ ta ye sisan wa,0
ID_18697918799245,i lani lo a ra ko a ba fɛ,0
ID_18214852379979,a bin'a sara cogo di?,0
ID_19001823380032,a bɛ bɛna a kan.,0
ID_18077322800855,a bi kumana kɔnɔna nuguw bɔ cogo le ra,0
ID_18331212801394,kununa sini kɔfɛ n tu bi nin ka tiɲɛ ye,0
ID_19202204380193,a faga la temin ka kèlè touma nan,0
ID_17309290802545,a ye laɲɔrɔ lɔni kura nununw da filɛ.,0
ID_19598240380312,tuman sabana fɔla sisan.,0
ID_19156419803692,o kèra di ki ka so na ni tien,0
ID_19803585380426,a tun l'on ni lo ko sirana drɔn le tun ta kuma ta,0
ID_18064097804915,a bi bolila le,0
ID_18161446805475,wabɛn vɛrtɔn ka sira.,0
ID_19414653806026,yɔrɔ dɔ be makɔn bolo a be bato garde ji kan.,0
ID_17946671806577,meyz nexon la sira lo,0
ID_19848307807118,depi tumajan dɔnkilidabagani a yɛlɛma na itali,0
ID_18835929380768,randonɛr nin a le glise ra bɛrɛ kan ka se ka tɛmɛ kuruba dɔ san fɛ.,0
ID_18224770808234,bako ka kartiye zero nɛf truwa san lɛgiyɔn .,0
ID_19602202808892,oka gasso môgô toumbi politique la,0
ID_19794958809466,a toun presseni lo walissa ka kele sôrô,0
ID_19604089810034,siclisiw bɔnaw bi se ka fa walima o ti fa,0
ID_20007659810682,a bi ko thcama daga,0
ID_20024386811228,la ila en bi na a sorô,0
ID_17755767811781,a bina kèdi,0
ID_19655890381236,a fana toum bi gningon dan ni la salo,0
ID_19634062381298,a ka wayagi ka ça venise ale ni kɔntantinɔpl ra,0
ID_18057355813565,tumani dɔra mɔgɔw ka nata bɛɛ bi lɔn,0
ID_19731552814135,a kɔnin nafa bi se ka kɛ mɔgɔ ka kora tuguni ni sinɔgɔ y'a minɛ,0
ID_19715435814704,komin mi bɛ peti lan n'a ka taga man ka dougoura,0
ID_19376579815272,an fɛ nunu ka mɔgɔ cama tun bi bɔ granbar,0
ID_18252661815827,"musosaramani ɲanamani dɔ, o y'a akize.",0
ID_18067128381648,aka kô man nôgô dè,0
ID_18008777817034,ambina dèmè,0
ID_19375424817608,mohamed tara fo marachech,0
ID_19120177381816,aka akili ya yèrè son,0
ID_19716280818693,luynes ka negropol,0
ID_18005870831465,miri kagni kodjougou,0
ID_19729745832471,o ya soutra kamilac ra,0
ID_19751999833408,samiylov boli la,0
ID_19249960383472,a lon na aka barada kama,0
ID_18073652836148,un voté râ cisse yé walassa en ha êrê sôrô,0
ID_18004679383783,vin kama mademoiselle,0
ID_19593400839252,o bi bara kè informatique ra,0
ID_19631345384069,an ka historien tounbi héra,0
ID_18045417841887,foyi ti se ka kɛ mɔgɔ bi sinɔgɔ. mɛ wo mun mankan lo ye ten ?,0
ID_19734482843246,kabi o touma ni nan o yi charia ta,0
ID_17321068384448,nan yi filè lo kè a bi na famou,0
ID_17714388845737,sira min bi sɔrɔ quartières bouaye la,0
ID_19751105846698,a y'a ka bara bɛɛ kɛ etazini jamana n'a degansɛri ya la,0
ID_19668197847742,sénè kè la dow son magni,0
ID_18239684848977,cin min bɛ alfrɛd mod ra,0
ID_19096775385025,ayi a bila ka ben chongo na ni,0
ID_19767168851264,a bi se ka lunèti sôrôw,0
ID_19946220851893,doni ni a bi sara obiɛn gansa obiɛn a bi ɲagami,0
ID_18848791852482,anyi an djiugou kèmè ni tan ani dourou minè,0
ID_19956008853056,a son a o ye baara mi fɔ a yaanā,0
ID_19711022385361,depi tuma jan a y'a yɛrɛ di pɛntirikɛ ma,0
ID_19220141854158,a kɔnɔ sisan dɔtɔrɔso be'i barakɛ yɔrɔ dɔ fana be'i min be banabagatɔ gɛlɛnw ta ale ni faatɔw,0
ID_18637319.38547,brisbani ɲada ka yɛrɛyɛrɛ,0
ID_19529425385523,ni kini na sodassi ou ka kabourou beyi,0
ID_19692280855765,kibaria dit la ni tôgô ko hayman,0
ID_19801765856432,nɔrmanvil be yi kuka jaama kɔnɔ,0
ID_17823563857174,min yi bɔnni na o b'a wele janfa.,0
ID_18281942857841,a ye mugu ɲini ka gilan la sɔrɔ ka tigɛ,0
ID_17679188858383,a ka sɔrɔ ka jigɛ minɛ,0
ID_18463863859265,a diyara an ye,0
ID_19795530859892,a ye a tun t'a yɛrɛ boɲɛn.,0
ID_17897092386045,a be kumana dilan fɛ.,0
ID_19745909860993,mɛri tɔgɔ le ye antonio silva,0
ID_19708389861535,a bi gɛrɛn kelen na,0
ID_17768096862073,"a sɔnna a ma, ayiwa a y'a kɛ.",0
ID_19651783386529,ɲagalengwɛlɛn cira.,0
ID_18060873866923,kɛlɛkɛmuruw tun bi firinfirin na.,0
ID_17826079386796,sɛn tiyrian kɛntɛn ka sira,0
ID_18911257868616,i bini i ka boɲɛ di jɔn le ma?,0
ID_18468828869383,a ma jaabi di.,0
ID_18719222387009,hɛrɛ tun bi karti,0
ID_17402106.38707,lilin yɛrɛ yɛrɛ.,0
ID_17399418387129,kalan déni nounou lo,0
ID_17402998387197,aw t'a lɔn.,0
ID_18046453387263,a bi na da yèlè wa?,0
ID_17418734873398,mɔgɔw ka lu le,0
ID_18006265874285,aa bilasirali mɔbili nunugu le bi tɛmɛna,0
ID_18076093.38752,a tɔ kɔni tun ye tiɲɛ ye,0
ID_19026190876176,o kɔrɔsi la o ka kocama ko kɛkotaw la.,0
ID_18933869877206,mi fu ka miriya la li sɛng ye a ladeli caaman sɔrɔ.,0
ID_19272636879037,gɔrg jakɔb stek le kɛra projet nin tigi ye,0
ID_18126753879888,masiyak ka sira be ribeyɛr .,0
ID_19977831880472,jumakolo yɛlɛmana jona ka kɛ kɔ ye.,0
ID_17918492881032,a be malice ka kouma kan me na wa?,0
ID_18056253881578,"finan ka sira, le man kɔnɔ.",0
ID_17343751882358,i dɔgɔmuso ko diara an ye,0
ID_17890942882964,a sanu cɛɲuman nin.,0
ID_18170325883514,déni yi o ka kulo ni dia,0
ID_17633219884077,kaboulo ka sira bi bara la,0
ID_18226652884618,"hotbrou ka sira, barjouville",0
ID_17852352885162,ni koni a ma dafa,0
ID_19541636885694,o ye ɲɔngɔn kunbɛn kolfak marala,0
ID_19606360886237,a ka tɔgɔ bi bɛ mɔgɔ miniw ye k'o ɲanaman kɛ dugura ni kɔnɔ,0
ID_18481440388679,pardi tumu nin mɔgɔkolon le.,0
ID_19997608887353,ayi bara sôbê lo sôro,0
ID_19682158.38881,ale lo yi roman ni sêbê,0
ID_18452186888652,alah doron lo bi an dankan lon,0
ID_19788299889596,a yi san tan kɛ rɔm n'a,0
ID_17583476890183,dugu dugutigi yɛlɛmana,0
ID_19949001890755,n t'a fɛ buto ko ten.,0
ID_17364730891344,nunusɛbɛ nunu y'an ta ye.,0
ID_18047550891916,alɛn savari ka sira fanfɛ dijɔn la.,0
ID_19761637892505,o faranna a yɛrɛ ma mɛ,0
ID_17946729389306,brosar min baana ka muso,0
ID_18389535893607,gabriɛl maso ka sira,0
ID_18053826894262,andre fose ka sira langurla kɔfɛ.,0
ID_17350736389481,sɛbɛnɛrɛmani duruni.,0
ID_18150490895347,matuba ka sira sɛn klod ra,0
ID_17804672389597,bɛl logis ka sira lomaɲ kɔnɔ,0
ID_18154506896523,max blɔnda ka yɔrɔ krɛn n'a,0
ID_17805115897061,sofi biri ka irma,0
ID_17962625897672,peletan ka sira wolonfila fanfɛ,0
ID_18386270898227,sui ka sira peyimenad kɔnɔn,0
ID_19666491899047,a nɛgɛ bɔra,0
ID_18023369899806,n ti foyi yera,0
ID_18173402900547,a bi sigi yɔrɔ fanfɛ dɔ farala kan,0
ID_18255047901107,karfa bɔra anw kɔ,0
ID_18143406901653,a ka a yan sisi.,0
ID_18057348902183,m bâ la minè,0
ID_18726485390392,fo o yi ne bizu,0
ID_19165361904982,eglɛzki wolola mɔsku .,0
ID_17378543905635,degi li kiunba,0
ID_18091465906336,nin ye ne fɛ nafaman ye,0
ID_19781949906991,sɛn ka inivɛrsite.,0
ID_17920363908017,rosɛt ka sira min be su,0
ID_18294409908951,jak baraja sira kelen,0
ID_17977519909862,sira mon bɛ gɔkur orlean,0
ID_18325305910441,sira bâ bi paris,0
ID_183919747.3911,sira tan ani wôrô,0
ID_18482782911555,i faa ka jan.,0
ID_18127964.39121,n bi n yɛrɛ jalaki.,0
ID_17822070391264,alze ka sira biwolonfila ani wolonfila.,0
ID_17882930913236,ɲanamaya lafaralikɛra,0
ID_17433634913834,ale tun bi filɛni kɛra le drɔn.,0
ID_18331210914392,mɔgɔ minuw bi tapi lani ɛ ski o kilara wa,0
ID_18113289915055,coterel ka sira tan ni worô,0
ID_18812211915615,nin sɛbɛni nin yi jɔn t'a le ye ?,0
ID_18463655916152,ne balimancɛ ka ɲi ka nin lɔn.,0
ID_17316308391671,nin bina bara ne ma.,0
ID_18265891917327,aba! aye! aye!,0
ID_18071283917887,ernest ma se ban wa ?,0
ID_18077397918428,yɔrɔ gwan ni non bi,0
ID_17340845919349,a ka gwɛlen,0
ID_17448187919952,sama den binani ni fila.,0
ID_18471353920496,ne toun bâ kaniu ana tchogo bè,0
ID_18185815921206,a bi siga la fen dô kan,0
ID_18133735392176,oh bassi tara,0
ID_17364799922296,bi yé dimachi yé,0
ID_19485386922844,ne ka gwili kɔsɔbɛ wa?,0
ID_17379811392342,n ma koya bi minɛnw na,0
ID_19119693923967,ko a boro koulo lan,0
ID_18486303924499,yiri wooman bi siradala amaz,0
ID_17785196925028,sɛnt ryf ka siraba nin be aviɔn,0
ID_19869475925614,kotɛmɛninw bi ji dara.,0
ID_17459586926153,ɔnhɔn tiɲɛ le hɛkɛ ni kaɲ,0
ID_19775205926785,pari ka bon nin yi gɛlɛkala ye.,0
ID_19707296392741,courou ni ma delé ka datou gou ka yé,0
ID_19737856927956,ɛmji bi lim na.,0
ID_19790398.39285,anga monè bo yakou,0
ID_17413715929214,ilali bara ka bina diya en yeé wa?,0
ID_19664120392977,kongoyalakɛ baga dɔw ye bandi dɔw minɛ ameriki ka uwɛst la.,0
ID_18822796930318,nin touyé bara kè un kumbina wari sôrô,0
ID_18703253930857,a kɛni lo ka bon min pɛntire.,0
ID_17810324931415,n y'a fɔ ye k'o n ye masacɛ ye mɛ a dogora a ka bon n'a,0
ID_18026352393196,o hakilinan ta,0
ID_19702938932598,o bè nana alé yôrôni na,0
ID_19706092933165,kènè wèrè kan teno,0
ID_19983900933709,kom san bè obi a kè tan,0
ID_19585907934336,a daminè ani a laban,0
ID_19751103934891,a bè gèni lo,0
ID_18238654935447,a bi ka alé lo welé,0
ID_18115695935995,mouna a mèna,0
ID_18056273936558,sisan kuma sera madame ani zeneva ma min bina kuma o ka ko nimero kɛmɛfila ni tan.,0
ID_19752409393717,ko tɔm kɔmptɔm ka sokolanfɔlɔ min bi jɔn wintɛr bilasira fo san tan.,0
ID_17725596937857,"ko suverɛn taara jigi markolini ka masabon na, suverɛn min sigini le foburgwa de frederistad ra.",0
ID_19176884938553,ko tablo bi se ka kɛ dafani kolo ye ale ni dafata nunu bi se ka kɛ dɔnkilila fɛn ye. min ye bɔngo ye.,0
ID_19705239939266,ko lotɛl jɔlɔkɔ caama lo beyi diyen nin na min be sɔrɔ duguba kɔnɔ.,0
ID_18540104939838,ko depite nunu ye kuma kan dɔ bila min bi ka kɛ o bi ɲɔngɔn boɲɛ oni ɲɔgɔncɛ.,0
ID_19153048940399,ko bɛn nunu lablani le lamɔden fila le ye.,0
ID_19583543940947,ko a tun yi matigi ka famiyi dɔ ye min ye karterɛt de rɔrmandi ye.,0
ID_18127407394149,ko kuma bi mese sitanisilas gereni bolo min bi se ka lafisaliya bila ɲantagara nimero kɛmɛseegi ni bikɔnɔntɔn ni bisaba.,0
ID_19156334942037,ko a sigira kruwasi a yi o yɔrɔ la samira dɔw siratama minuw tun bɔni li marakas kan.,0
ID_19400105942645,ko dogo li lo,0
ID_18468372943188,batobolila caaman ye fariman ye dɔrɔmin kama.,0
ID_19585458394373,ko lafiali rchama ma tounbeyi ni kofè,0
ID_19667677394436,danemark tagara gnafè,0
ID_19681974944988,ko a beyi duguba komini dɔ fɛ min togo ye fotokoli ye ale ni vilazi ka sɛf de kantɔn dɔ beyi min ye amsilga ye.,0
ID_19590363945537,ko mɛ nin siyɛn kelen nin na ko cɛrkle nin ma se ka a yɛrɛ sɔn minɛ.,0
ID_18475084946087,ko dɔw ɲa tun bɔni mɔgɔfagalaw ɲa le ma.,0
ID_18020872946648,onhon a kɛra komi dɔni mi tajurusarale kɛra,0
ID_19966507947308,"tiɲɛ na , a y'a sen don sigida muritili dɔ damatɛmɛni n'a samoa jamana n'a",0
ID_18192683947902,ridɛs tan waga kelen ni kɛmɛ duuru,0
ID_19655089948462,inafô okun ti sega fourou,0
ID_17810161949149,n b'i ɲininga na muso vɛrdini .,0
ID_17366533949711,sogo morosso,0
ID_19603200950362,olotip ka kungolo fɛn kɔnɔ tununa.,0
ID_18054611950934,dul ta sira pɔn de larn.,0
ID_19798520951478,hali nne a fɔra maluɛn.,0
ID_19706943952014,faman min bi kɛlɛ daminɛ marne ka kɛlɛ ra.,0
ID_18057375952558,yɛlɛyɔrɔ saba.,0
ID_19622665953087,karɛn wud bi silvi lapara ka sii ka tɔgɔ lo ye.,0
ID_18031546953621,jitigi sodasi ma sigisigi tugu,0
ID_18078912954146,rzmɔndɛt lakoi ka siraba mugan,0
ID_19722410954675,yɔrɔni ni bi sira y'a bila,0
ID_18217280395521,gary ka sira,0
ID_17998465955827,chzmpnovaz sira,0
ID_17323200956366,aka ko nounou ti seka ta gnèfè,0
ID_19102218956902,dugu cɛcin no ni baji saaba ye,0
ID_19548398957562,a bi se ka mɔgɔw lakisi ko dɔw ma,0
ID_20042899958108,an boro doudou la en tifè ka sigi,0
ID_19579288958652,suu ti firinfirin n'a ti kirin,0
ID_19788858959315,a kun kɔrɔtani bɛ a la lɛni sababu fɛ.,0
ID_17818657959856,rudibɛf dɔ lo.,0
ID_18625956396045,foyi teyi ka kɛ an bi n'a kɔnɔnikɛ,0
ID_19643605960998,ah ala tɔgɔra n denmuso tun bi'n lamɛn,0
ID_18215710961637,a y'a nin do ara,0
ID_18476970962235,mardi cɛ frédéric baribie,0
ID_19150483962786,a yi kola ka denmuso ye,0
ID_19674556963323,a sutra la glɛn n'a,0
ID_18169436963854,zéro zéro lo anou fè,0
ID_18485085964398,mougan alé ni sèbè,0
ID_18950169964942,a ɲafɛ yɔrɔ bei kɔmi finman gwɛ,0
ID_17362248965483,o bi kalan na,0
ID_18693126966022,a wolo lon,0
ID_20027561966556,éric ni joël bi kouma sama na,0
ID_19757979967183,aka dougou bâ bi sirdana,0
ID_18514492968117,a b'a falen nɔgɔya.,0
ID_18150808968678,ô ni kagni ka tchè youma ya na yé,0
ID_19701846969383,pietro lorezan ye alvis ani izabela barozi den ye.,0
ID_19646203969939,a kɛra montaɲ teatri ɲamɔgɔ le ye.,0
ID_19702028397049,a bâ lon ko deri li kadi,0
ID_17748511397103,abèra ayi mogô kèmè fla lo sôrô,0
ID_17508099971574,mɛtro be sɔrɔ min le ?,0
ID_17430039397211,bibiliotɛkira,0
ID_19629718972652,oya bô ka sso la a ya ka yannan man ya daminè,0
ID_18293246973303,binani ni wɔrɔ bis sɛrvɛ kin.,0
ID_18888623973858,chaiz wèrè,0
ID_18170954974407,n bi fan dɔni kɛra.,0
ID_17355135974988,o teliya ni bɛ.,0
ID_17402302975534,ka kumana ni ti jarsɛn na,0
ID_18012891397608,farmasi ni bi mi,0
ID_17452109976617,tugani cɛma,0
ID_18316937977165,allemagne dou gou konon,0
ID_18045955977773,i yè na dè.i bi taga min,0
ID_18386268978305,sabana sira gap kɔnɔ.,0
ID_19729908979042,a ti sɛkɔ kuba ni a ye.,0
ID_17415537979602,clé bi n'a bila layɔrɔ jukɔrɔ,0
ID_17526229.39802,tchè no,0
ID_18252732980749,ni tchèni bi yan,0
ID_17503540981295,toulé déni,0
ID_19139519981833,anglais sera gnè fè,0
ID_19958556982372,a ye ɲataga sɔrɔ ni sedan ka defansɛri y'a le ye,0
ID_17493337982909,o siya fila nin o si ti ɲɔgɔn ye.,0
ID_19968043983445,kouma yèlè ma baga yanan man lo aka fari fana,0
ID_19306861983972,ku flannan ne ye ni ye bok ta,0
ID_18408170398459,n ta lɔn ka ɲɛn.,0
ID_18892174985133,mulo ni o lo,0
ID_17405509985667,n kaɲi ka taga.,0
ID_19729895986254,ala ka yafa an ma.,0
ID_17998467986785,a lani bɛra,0
ID_18032253987398,lɔnbac ka siraba tan ale ni kelen.,0
ID_18480855987947,o mɔgɔ wolonfila le ran na.,0
ID_18653128988483,a ye n cin n ka mole la.,0
ID_18245542398913,sɛziba wɛrɛ tuguni.,0
ID_18886176989675,binaani ni fɛn dɔ.,0
ID_18939838.39903,a tina mɛ ka tɛmɛ wagati kelen kan.,0
ID_18349908990924,a ! o dɔrɔn le.,0
ID_18241928991473,aw bi angilɛkan fɔ wa ?,0
ID_18906765992016,pat ka sira tan ni seegi,0
ID_17561828399263,mu ne baw ra nin olo,0
ID_18640076993206,a sun bi kɛdi an gan jigi bila a kan,0
ID_17483612993757,aka fissa ten,0
ID_18223072994293,kumakan wɛrɛ teyi,0
ID_17320942399484,sɔnsɔn tun kadi n ye kaɲɛ,0
ID_17353137995373,kalan den mɔgɔ bisaaba,0
ID_18077275399601,aw yi kibariya sɔrɔ ni jonle ye,0
ID_19725340996563,a ma sɔn a ka bagamako ma.,0
ID_19745754997169,deen cɛ fila bamuso lo,0
ID_18150807997786,ohh ye mesie kunu,0
ID_18489979998322,tlondeni,0
ID_18059025999007,ale ko tɛ,0
ID_19984924399956,o yi ɲɔngɔn ye paposo fan na,0
ID_18475513000099,sini a bi na jigɛ minɛ,0
ID_18263102000635,a tun ma miri ɲanaman,0
ID_19751927001172,o yi tɔgɔ di a ma ko cɛ,0
ID_17483374001806,wakati mugan ni naani,0
ID_17785174400235,un talon na bina na,0
ID_18478334002883,a bi fjihê,0
ID_18052666003417,i tôgô ko di,0
ID_17786334003942,n ti kɔfɛ?,0
ID_17409240004476,sonsani den mugan ni kɔnɔntɔn,0
ID_17717415005008,seen bisaba ni seegi,0
ID_18605007005535,wulafɛ an bi na taga dɔnkɛ,0
ID_18067168006073,nin le ye ele ta ye,0
ID_17766604006608,n denmuso ti yan,0
ID_18172818007292,juma le ye a ka saki ye,0
ID_17395240007852,môgô nounou ka ko bi si?,0
ID_17842623008386,moulo ya sôrô?,0
ID_18037233009032,fendô beyi,0
ID_17379270400966,yɔrɔ bi na gwan.,0
ID_17319888010208,a bi tɔrɔ lasera fan caaman ma.,0
ID_18911766010746,a bi se k'o sɔrɔ,0
ID_18445156011273,o bi na i sinji musomani kanu,0
ID_18726795011815,a ka kuma fɔta ni donilo ɲɔgɔn na,0
ID_18652493012346,malo d'en joli le bi yan,0
ID_18473306012957,a ka kan ka famu,0
ID_17531631401349,mɔgɔ miniw bi a ka ko dogoniw kalama o tunu joona ka bɔ diɲɛ nin kɔnɔ,0
ID_19650200014025,a ka ɲangoya bi daminɛna,0
ID_17911489014554,ala k'an bɔ su ra.,0
ID_17408969015079,mɔbili ni gilanan,0
ID_17511047.40156,n mi na wele,0
ID_17406118016187,ale filɛ ten akadi ale ye.,0
ID_18077552016721,a kɛra komi a ya bɔ kora,0
ID_17385828017315,a le kanu ni lo,0
ID_18065002017859,aw bina na bi wuladanifɛ,0
ID_18110459401848,dɛmisɛn fila tun beyi.,0
ID_17526754019136,e sabari a sɔkɔra a kan.,0
ID_17419843019678,a bi yanfɛ yi.,0
ID_17356342020216,o bɛɛ yi kelen,0
ID_18053381020753,mun lo b'a ra do?,0
ID_18798128021292,nunu cɛ fila nunu.,0
ID_17400487021828,a bi se tiɲɛ ubiyɛn galon?,0
ID_17341559022367,a wɔrɔsɔ ka misɛnmisɛn,0
ID_17349106.40229,an bina jabi nunu ye.,0
ID_17427745023423,a taara.,0
ID_18483945024043,o tɛ fɔlɔ ne balimancɛ,0
ID_19401799024587,a filɛ nɔgɔ mɔdɛl dɔ lo,0
ID_19855295025128,o y'a jɛni,0
ID_18902442025664,o tɛmɛna ni ɲanyɔrɔ ye,0
ID_17478471026198,a nana mɔnbili kɔnɔ,0
ID_17352053026735,n lanibɛra ka ba fɛ,0
ID_18489890027336,an facɛ bi mule kɛ,0
ID_17359924402789,jigɛ fere yɔrɔ,0
ID_18046541028432,n bina taga nin i ye londɔ,0
ID_17717838029076,nin dankan an tina sɛkɔ ka na tugu.,0
ID_17553483029725,a ye marselɛn kirintɔ ye,0
ID_17739249403027,n bi fɛ ka taga sani kɛ,0
ID_17427679030812,sapɛldeni cɛɲumani dɔ.,0
ID_19641234031394,nɛnɛ bana sisan,0
ID_19752921031947,a te kɔrsira,0
ID_17344699.40325,an bi fani le jara.,0
ID_17329195033034,n bele ba fɛ,0
ID_18595799033568,sini wulafɛ a bi na taga dɔnkɛ,0
ID_17487666403411,a dɔgɔni tun ka di a ye,0
ID_18697917034648,jan ani jydit,0
ID_18008726035254,muna a ti se ka kɛ samedi,0
ID_18968580.40358,a bi briksɛl la.,0
ID_18719344403633,nanfigiya drɔn tɛ.,0
ID_18694300036863,n lanibara.,0
ID_18330159403747,a t'i fɛ.,0
ID_17354200403802,dugukɔnɔ mɔgɔw.,0
ID_18071322403855,da nin bi yɛlɛ tuman juman ?,0
ID_19563180039488,a sigira tile fila lɔndre .,0
ID_18073317404009,o tuma na n tun y'a kɔrɔsi.,0
ID_17994659040637,"n yi nin digi, ne.",0
ID_17525591041276,ɔnhɔn an be kɔfɛ.,0
ID_18482959041827,fɔlɔfɔlɔla a tun be jigɛ lo minɛ.,0
ID_17738958404239,kuma daminɛ fo a laban na.,0
ID_17467780042952,fanga bi n fɛ.,0
ID_17810825043524,a bina n ta wa?,0
ID_18960148044082,a tara kɔrs .,0
ID_17928178404463,i bi tilen ka ta trɛn kɔnɔnan na.,0
ID_19489820045289,ko dusudiyaba jigi ra mɔgɔw kan.,0
ID_18035162045827,karɛksi puluge ka dugu kɔnɔ,0
ID_18012857404639,n bi fɛ ka kɛ,0
ID_17485334047062,sababura i ka jigɛ minɛ,0
ID_18027489047718,nin tulon lo bi mɔgɔ ka wari ban,0
ID_18140311404827,valans dugukɔnɔna na min ye oli ka kare kan.,0
ID_19965536049067,an bena taga yan fè,0
ID_18048019049737,ibi moulo kèra,0
ID_18460032405029,alou a ko diara mogô yé,0
ID_18223809050832,nin tun ya ɲiniga,0
ID_19361342405137,koakitik ye a ka dugu lasigi ye,0
ID_17960596051905,a ye ukaziɔn ni minɛ,0
ID_17926696405244,i tɔgɔ ko di,0
ID_17788749053094,"ne ta miriya la, a bi fɛn diman lɔn.",0
ID_19137306053652,o k'a ka bara dabla semɛni den wɔɔrɔ,0
ID_17911552054203,o bi mulo kalan na,0
ID_17415570054732,o bi mɛna ni kow ye,0
ID_19743619055269,viɲɔble bi daminɛ vale de gaspero la fo ka ta gran pre ra.,0
ID_19256795055808,a yi nataniɛl agire l'on o yɔrɔ la le,0
ID_18958449405676,i yi moulo fara,0
ID_19372986057548,ɲɔgɔn famu dona,0
ID_17778194058104,a bena n bugɔ.,0
ID_19752916405865,a gwɛnibɛ opi a ɲaa man di,0
ID_17313000059422,nin fɛya ni ye bɛɛ ta le ye,0
ID_19013571059982,o dugu deni ni tɔgɔ le ye jito le ye,0
ID_17712776060915,ah bâ ka sini ya sigi la tiena,0
ID_19794186061542,ni tièbi a toun ya kè,0
ID_18548032062092,a ti pinza fè wa?,0
ID_18483918062634,aya famou yanama?,0
ID_18476417063172,tɔnɔn tara tugu.,0
ID_18726381406372,mousso markiz o yèna kodjougou,0
ID_17766990064264,ayi fanga di o man,0
ID_18864983064796,a ka dugu bla ubiɛn a ma dugu bla ?,0
ID_17407536065447,aw ye tɔ nunu di yan.,0
ID_18913025066002,aw bi fɛ n bi ta filɛ wa?,0
ID_17748508406654,fɛn ma to a ra.,0
ID_18188679067087,a ye ta ka bɔ yan.,0
ID_19664042406853,i ka nin sɔrɔ min?,0
ID_18049143406922,sanji joli le b'a fɛ?,0
ID_17361251406977,kulɛri juman?,0
ID_18638152070332,nafolotogiw bi yɛlɛ la.,0
ID_17366330070873,cɛmani kolo.,0
ID_17368374071488,ka nana yan,0
ID_18054948072144,jon le ye nin degi aw ra,0
ID_18655341072685,su benna.,0
ID_18016497073231,n naloman muso aw ba tɔ l'on,0
ID_18912990078681,sandji bi nanan,0
ID_19707015080486,musow kaɲi ka fɔɔ o ɲana.,0
ID_17393473081538,lu ni ka boon,0
ID_18905166082646,bara juma le a ba kɛra,0
ID_17960597083586,samara bi n fɛ.,0
ID_17917979084506,wagati ɲuma na.,0
ID_19557116085386,mulo tun bi kɛra kɛnɛma,0
ID_17761740086597,i ti foyi l'on a ra,0
ID_17333300087582,nin yɔrɔ ni kadi n ye,0
ID_17898198088495,i bi wagati duuru le dira n ma,0
ID_19991986089742,mɔgɔsi ma foyi famiya a ra.,0
ID_17385434090748,a bi kɔnɔni kɛra lon bɛɛ.,0
ID_18812151091737,ka soro a ma laminè,0
ID_18479106093003,i dusu jigi dɔɔni,0
ID_19681605093952,an ga tɛmɛ ɲafɛ,0
ID_18039672094896,tle tan ni duuru tɛmɛna,0
ID_18737561095805,bi konon ton ni kele,0
ID_17349767096954,kɔ ɲuman.,0
ID_17410955098005,n bamuso bina diya a ye.,0
ID_18272581099162,i nafolo tun kɛra?,0
ID_19674557100115,a le de ye nanzara ye,0
ID_18053771410103,tchè min bina na woula fè,0
ID_18902763101927,a bi fè ka nanai in yé wa?,0
ID_17341256102948,a kana bon,0
ID_17373115103847,mousso kôrô ni,0
ID_17513416104748,a ka miriya le,0
ID_17302028105635,"kabini o waati, an ye ni kibaruya in caman sɔro",0
ID_17362300106746,oka dèmissin ka tcha ka tèmè ab ta kan,0
ID_17336215410742,sigida ɲanaman,0
ID_17437479108016,fɛn kɔrɔmanw,0
ID_17426133.41086,bɛgɛn wɛrɛ nɛrɛmuguman.,0
ID_19710503110944,mogô si tina bô chi tigi ya la yan yorô la,0
ID_19127017411159,ina fô jerry ta wou,0
ID_18726334112184,a laban nan um toumbi femi fè unya sorô,0
ID_19982203112835,touma bè alé lo yi fôlô yé nga a ti bi do,0
ID_19295892113393,a yaki li kèra comi gêma ni fiman,0
ID_19254601113958,ale lo bi ile kanari ale ni krasilace ale lo bi o ko ɲafɛ a b'a famiya ka tɛmɛ.,0
ID_19631777114647,aka diplôme bâ soro droit râ,0
ID_19745044115205,aka barada limité ni lo,0
ID_18997851115748,aprɛ o y'a pibie faransai ra,0
ID_19756046116287,kotidyɛn ani sansi ka sɛsɔn fila kh ane depetrini na.,0
ID_19478565116995,nin bu wileman nin o yi ale lo tiransfɔrme ka bɔksite kɛ aliminiyɔm ye.,0
ID_19755875117596,a lon ni bɛ livru sɛbɛ le la ale ni tiatri nunuw,0
ID_18963758118156,grupu fila min yi kɔnkirance kɛ oni ɲɔgɔncɛ o bɛnna ka kelen suɲɛ ani ka kelen bila.,0
ID_19600332118931,a yi yɔrɔ caaman toyi.,0
ID_18543411119754,yɛrɛmajigi ani hakilisigi a kaɲi ya ?,0
ID_19220432120352,a fana bi bara kè anga kôrô le ko tchèma,0
ID_19596456412103,nigê djourou tigê foyi ti tèmè,0
ID_19680062121585,jean min toumbi yafè ayi gêlèya sorô,0
ID_19627586122124,bara ni bi kè foyi ti famou a râ,0
ID_19593950412276,algérie konnon lo a kèra teni tigi yamôgô yé,0
ID_18725940123318,ne ya bôni lo ni man,0
ID_19659376123867,t'as nunu ye flɛru ye karme ye,0
ID_19812961124446,siyantifik dɔw ko fidelite nin a bi bɔ zenɛsi ra.,0
ID_19965441125018,kɔlɔnbi yi mɔgɔminuw bila ka na oyi sanu medayi fila sɔrɔ ani wari medayi saba.,0
ID_19659526125571,a ye moniman caman yɛlɛma mi d'en tan ni kɔ ye alabato fɛ dɔ ye,0
ID_17802734126112,siteni ale yi bɛgɛnbalola ye madam albɛr fɛ.,0
ID_19173120126754,a le lo bi inivɛrsite denniw siege akadimi ostrog,0
ID_18448997127314,yɔrɔ melankolik lo tun no a tun koronino ni russo ye,0
ID_19733547127903,ale lo tora ipizodikeman fransi ra.,0
ID_19725380128442,a le tɛmɛni kɔ mɔgɔw ɲinana ɔrdelaikɔ,0
ID_18950086412933,komi min sitiera sɛn meliun na,0
ID_18938255129956,liksɛn ni janpol morɛn o yi barakɛ ar ni lɛtri kora,0
ID_18640213130518,n ti se ka frazi nunu sɛbɛ,0
ID_19635781413107,a toum bi ta lâ,0
ID_17801225131615,"a fô tougouni,an be na miri",0
ID_19642140132164,a sigi ni le bi sisan londr,0
ID_17791983132893,"a bɛnna ɲɛ min kan, mese.",0
ID_17346463413345,siginanyiri den naani.,0
ID_17350976133992,haminanko juman lo be yi?,0
ID_18873011134533,an ka dakan kelen ta,0
ID_17355654135077,saniya.,0
ID_19966505413561,denni tun be ɛspaɲ masa den dɔ ye.,0
ID_18005867136155,an la ko diala o ye,0
ID_18906902136684,bon lagafia ni lo,0
ID_19790405413722,"n faa, i sumanin le.",0
ID_19607911137795,a tanganin le tunizi .,0
ID_17823559138427,albɛr hɛrve sira burz.,0
ID_17421850139428,bonkɔrɔ dɔ.,0
ID_17350264140058,bonda porti le.,0
ID_18486262414061,a si te nin ye,0
ID_18091770141188,lavradi bina baraka sɔrɔ.,0
ID_19193401141731,fɔrbe be izak ka den ye saye ni aɲɛs wolola hosɛn.,0
ID_18083844414228,sigi yo rô,0
ID_18490828142976,a bé mini la kontɛs,0
ID_19606215143531,yan fè yi ko bè bi kè,0
ID_17905559414409,nne le ye jan ye,0
ID_17379539144745,oyi eme sɔrɔ.,0
ID_19678028.41453,kotɛmɛ nin na,0
ID_19754543145846,flaburu nunu faani bɛ hɛrɛ la ale ni kabine c a d ani tulufɛnw na.,0
ID_19719616146395,a ka dongili bé janto dɔw la ani bugilion taw ra,0
ID_19948815146938,a ba ta kow daminɛma ta mɔnto dugula a na gɛrɛfɛ dugula,0
ID_17836772147518,o la ni tin na,0
ID_19158413148054,retz ka kuntigi ba ye gouvernement ɲ,0
ID_18235802148612,kouma yi émilie ta yé,0
ID_19681772151049,codɛr ka ekip bi fɛn caama latɔmɔ motɛr la ni hakili ye k'o ka ta a dama kɛɲɛn.,0
ID_19188865415182,a tɔgɔ bɔra ɛnduw ka ala alaiman ne fɛ,0
ID_19006470152625,ni koni ti a bali,0
ID_19703835153466,do nia griupou,0
ID_19751868415404,ibi tara bari là,0
ID_19878281154599,a be yi dugu deni mon be trinida ani togoba&,0
ID_19123442155145,a tora nikaragala,0
ID_18873783155679,hei kana manga bɔ,0
ID_19690291156215,tailɔr smis wolola tɛsas etasuni,0
ID_17344482156764,paji naaninan,0
ID_18008770157321,hameau d'escanis min be aurillac,0
ID_175618297.4158,a bi kouma nan tchama,0
ID_17810321415892,abi sera ma ka sôrô a bi toro la,0
ID_17784242159696,a fôlô yé a bi san fila,0
ID_19872422160295,nounou ma sèbè,0
ID_19467564160886,oli sarala ni sɛbɛba ye bekani kɛna law ka kiritigɛ la fɛ,0
ID_18621635161637,an ni sɔgɔma ne ka musokɔrɔbatilenin.,0
ID_17973865162316,kuma bi madamu mari-helɛn fabre bolokan ka dɛmɛ di sariya kɛmɛduuru nin bisaaba ni saaba nan man,0
ID_18856208162989,a ka fili ye juma ye,0
ID_19726571163568,a yi miniw bi lɔlikɛbaga ban ka sɛbɛtigi dɔ ye,0
ID_17630278164119,ruel fronton,0
ID_19717492164655,"kelen ye ni yɔrk ka camancɛ ta ye, dɔni yi lɔndr ta ye.",0
ID_19421841165316,i ɲa b'a ra a ɲan le.,0
ID_19283559165952,zida bi sɔkɔra.,0
ID_19798671416651,yala o tɛ wele ko musichetta wa?,0
ID_18073618167056,a kadi n ye ka taga ɲãni n ka fɛn dɔ ye.,0
ID_18056478167824,pɛrdikan ka tɔrɔgɔ caman y'o yɛrɛsɔrɔ mɛ kalo sufɛ,0
ID_18692434168384,a bɛɛ ci n ma fiɲɛn fɛ.,0
ID_19310259169278,a bi chira gnan,0
ID_19026166169886,fama kofè mogo tan lo beyi,0
ID_19614191170442,eugène tounbe chi dougouma yôrô la,0
ID_17731799170995,an yi mɔgɔ min dɛmɛ a faa ra.,0
ID_18343828417171,opiyak sira labrigɛr.,0
ID_17941754172285,ila ni bi iyèrè la dè,0
ID_18192656172935,"mourelens ka tɛmɛɲɔrɔ, gradignan",0
ID_19141654417353,a yi ayèrê la bila,0
ID_19703281417409,a tou gêreni lo,0
ID_18225175417464,bâti yé ka sira,0
ID_19946326175181,a bina kè kogo mo là yé,0
ID_17333455417573,bolokunaden bi yɔrɔ yira,0
ID_19647568417627,mokɛri ko bila sen kan.,0
ID_18236727176815,olivie le fɛbr ka siraba etanpl,0
ID_19641240417746,bara ni bi nin kilan yɔrɔ saba ye,0
ID_19711667417806,gwɛlɛya kelen lo tun beyi albi joli nin simi na.,0
ID_17917982417862,gartam ka sira a tan nan na,0
ID_18224926417934,"val de borne ka sira, bourbonne- les- bains",0
ID_17349809179888,n'a sɔrɔ i bi se k'an n ka cira lase o ma,0
ID_18052142418044,dovile ka sira a mugan nan na,0
ID_18217227418101,fanga be ne fè,0
ID_18189430418158,sira tan ani kononton nan,0
ID_19630653182122,wolo lon ni saya lon lɔn ni tɛ,0
ID_18105702182734,kulevra ka sira zusi le sodriye .,0
ID_17314511418342,kuma dira sasawulie lo ma,0
ID_19039569184008,o cɛɲumayara ni lolow ye,0
ID_18831185184573,artoro ka sira a tan ni naani nan na,0
ID_19753289185112,a y'a ka kalanw kɛ st john's college la cambridge .,0
ID_18048427418566,obi gossi li kèra a wili la,0
ID_19220427186234,deen naani le be yi,0
ID_19624700186776,jenkulu dɔ bila ra seen kan.,0
ID_19627777418732,a be sii fɛrlafin,0
ID_19756111187896,"nin kɛni kɔ, a kɛra pisikolɔg ye.",0
ID_18816157188447,barada filanan bi dirɛktrisi bolo.,0
ID_17915148189239,san ni miniti duuru n bi n'a pilasi di aw ma,0
ID_18100688189816,foo n ka yɛrɛyira,0
ID_18412931190369,a ka bonkɔnɔɲa,0
ID_17721455190907,n ha sigi ɲɔnhɔn le,0
ID_18522542419144,fani ko bâ ga ya gama kôrô ta,0
ID_17373114191973,humm kagni ka ta yôrôw djan,0
ID_19653919419254,dougou kolo bina yongon kounbè,0
ID_18192705193165,bara kè den bi sorô wa?,0
ID_19750945193704,liza nunsɔndiyalen ye kabakolo ye a y'a yɛrɛ yɛlɛma ani a ɲiin joliman fana bɔra.,0
ID_18031776419426,sarli sapɛn don da,0
ID_18058692419491,cɛmani wa ubiɛn musomani,0
ID_17361677195478,a ye hakɛto,0
ID_18065156419605,n'a tun kɛra ye.,0
ID_18463336419662,a tun sara kamanagwan le ra.,0
ID_19687115419717,a ka jamanaduguba ye santa tekla ye.,0
ID_18006689197729,ni yé faou ka kasso bon yé,0
ID_17441966419828,nin belebeleba ni ta,0
ID_18901807419894,ni sira ni ka djan dè,0
ID_17359694199498,abi môgô sigin,0
ID_17798338200048,duniya bi tagara nin cogo le kan.,0
ID_18901692420068,nɔrɔ bi n yɛrɛ ye,0
ID_17405315201229,a bi mun lo kɛ haati lon ?,0
ID_19635485201777,a bamousso donkili la yanaman yé,0
ID_18599145420231,ni kiumbi o flakè ganssan,0
ID_18949151202924,muso nunu ye filɛli kɛra ani lamɛnira bɛɛ sigi o hakili kan,0
ID_17848474203482,biyé ati yé,0
ID_18170952420404,aba sôgô ra,0
ID_17365209204593,mansine bi fɔnksiyone.,0
ID_20023763205134,faso deen i dansɛ,0
ID_18648580205675,a ti foyi ɲɛ,0
ID_17409032206302,a ka kɔrɔ ni ne ye,0
ID_18269233206853,an bi sega siga touma bè wa?,0
ID_17903352207392,a fari fini tè,0
ID_17804752207954,a mènan yannanman,0
ID_19645053208493,ko kalan fa gnanan man lo,0
ID_19186390209151,ko i bi ta sɔrɔ arp sinitgɛr ka kalanden lo tun depi fɔlɔ lomin na a ma sɛbɛ ka bila.,0
ID_19205648209702,ko hone yi a yɛrɛ taa nin kursi na mɛ a kɛra mɔgɔ tanninan le ye.,0
ID_19051117210258,ko a gwɛrɛ nin le dugu dɔra min yi kɛrala ye ale ni tamirinasu min beyi numa bolo fanfɛ.,0
ID_19962609210804,ko a bi yɔrɔ min na ɲamɔgɔya ra min ye ka ta kuramanya fanfɛ.,0
ID_18770017421134,ko ɔnhɔn ko a yi mɔgɔfagalaw ye ko aw yi forobamɔgɔw ye.,0
ID_18106330211965,sira tchama lo,0
ID_18459941212513,bè ya lon ko alé lo bi koni kèra,0
ID_19686385213135,o tounyi a labila,0
ID_19702604213667,machine ni yi ko tien,0
ID_19916296214199,a toumbi yongin yé ra,0
ID_18128255214733,aya yèrè ta ka ni koni kè,0
ID_18119982215271,i ma gèrè ne la,0
ID_17769201215803,ko oyi kalan kè yongon fè,0
ID_17727624216335,ohh n dalebala yɛrɛyɛrɛ,0
ID_19773367216871,san fila tɛmɛni kɔfɛ a y'a ka dinɛ ko ɲaniyaw yɛlɛma,0
ID_18261828217508,mara fila ka kalanbon,0
ID_18451004421811,ka filɛrikɛ a yɛrɛ gɛrɛfɛ wa,0
ID_17350797218667,n ta lɔn n bin'a bara cogo min na.,0
ID_18642258219341,marko fana yɛrɛba kun ta an bolo,0
ID_18063206219904,ka filɛrikɛ a yɛrɛ gɛrɛfɛ,0
ID_19642811220448,ratari bi serbie ka dougou tchèma,0
ID_19202583422099,mogô bi alé yôrô ni lan ko djougou,0
ID_19722022221535,o bina benn,0
ID_19714690222076,mogô ti se ka ko ni yorô ni la,0
ID_18140901222615,kèmè ni bi naani,0
ID_17903225223332,lukman na a bɔɔra cɛ wɛrɛ kan min ka jugu ni a cɛ ye,0
ID_19653368223886,folola bè toumbi tèmè okinawa dara,0
ID_17707547224432,lui govɛr ka sira ba gras,0
ID_19599883225004,kalansennɔ ka semɛn lo.,0
ID_17943413225554,pwariye abilis ka sira deni.,0
ID_17750447226081,foyi kuma tun te yi fɔra yan.,0
ID_18238941226615,"pitoux ka bɔlɔn , rahon kɔnɔn",0
ID_17960830227157,arfel ysɛngo ka sira.,0
ID_18539020227715,tasumaba dɔ ye yɔrɔ tiɲɛn.,0
ID_19797212228275,alu ye nanzebaga ɲanamanw ye.,0
ID_17526155422904,oya débloqué,0
ID_17915737229636,sɛbɛniden el ka fara a kan.,0
ID_19682168230206,a ya sɔrɔ a déjà tigɛni le,0
ID_18015282230833,n hakili tara tugu,0
ID_18562719423138,ele lanib'a ra ko do wa ?,0
ID_17537766231913,bolola tlon ka di nunu kulon kɛla ninw ye,0
ID_17858524423245,firmi ka tile cɛɲumani tɛmɛyɔrɔ.,0
ID_18076999233093,"montmartre ka sira , montcuq la",0
ID_17804415423364,"poily ka sira, outarville la",0
ID_18725527234169,amazone yi fɛn nin kɛ barakɛ minɛ le ye.,0
ID_17767195234822,elbizerod ka sira buliɲi na,0
ID_19715432235392,a fanan ye kantɔn ka kɔnsɛɲɛ zenerali ka bɔ ceyzériat la.,0
ID_19602330235942,sanwɛrɛ makura bina tugu a kɔ.,0
ID_18511621236493,tubabu.,0
ID_17448328237022,jikongo b'o cɛ.,0
ID_19431124423758,o beyi polɔɲ,0
ID_17426012238183,a bi n'a kɛ yani sini,0
ID_17333150238894,nin ne boɲɛ na n bina ta ka bɔ yan.,0
ID_19148238239883,a bi sira drɛs ka sapɛl rɔyal la a n'a ka fami nekropol la.,0
ID_19973738424081,o bi misiki nin kɛ kalifɔrni ra,0
ID_18139026424198,a bi fè ka président yé,0
ID_18438877.42429,olu o y'a kalan.,0
ID_19657029424357,bɛgɛn dɛndɛ' la be yi,0
ID_17664792244134,simɛrk ka sira traburg .,0
ID_18902909424468,bedaride ka sira mɔnte .,0
ID_17950634424523,kelen tɛ.,0
ID_17364658424577,kalansɛbɛmanw.,0
ID_18729574424631,ka gɛsɛn be a dayɛlɛ,0
ID_19651774246857,a ka esans tun sogo ni lo le pinew cɛma,0
ID_18363610424741,patɛr not ka sira kɔnɔtɔn fu ni seegi fu ni fu ni fu ni fu avɛl,0
ID_19584931300077,lisian ka kɔ bi jii di aiti ka forow ma,0
ID_19718957300973,lu ni kɛra jɛnkulu lu de ye vilazira,0
ID_19409219301627,a bademan cɛ saara kansɛr la,0
ID_17801537302273,viɲ ka sira tan ni fla,0
ID_18482930302952,ehhe i bi n sigɛn na,0
ID_17934942303539,a ya dadjé koni kan,0
ID_19674486430412,fôlôw la nigê ni koumbe bila tchèma,0
ID_17943400304686,aya kanou baga ladia,0
ID_18534642305236,ɲakili binkɛnɛman tun bi mɛnɛmɛnɛ na.,0
ID_17526365430581,lisi min kanka ka telesarje,0
ID_18327703430651,maro tara damiɲi.,0
ID_18576291307084,nne bi jɔn lo ye a gɛrɛ fɛ.,0
ID_19781442307635,paskalis brino sikur le.,0
ID_17666662308176,o y'a dɛmɛ sira kelen na.,0
ID_18182526430891,soro sira mougan,0
ID_17303365309485,n lagɛ ko bisaaba ani seegi,0
ID_19203354310045,a kéra nicaragua ka bogo tigi yé,0
ID_18293283310606,dossen ka sira,0
ID_18049780431115,numéro fila nan,0
ID_17535915311697,godin kaouso,0
ID_18292054312346,brasseri amolin ka sira,0
ID_17508127312963,wari mougan ni kelé,0
ID_19712173313507,o tun ye grenn ka patrɔn bila a ka pilasira tu ma mina a ka bana ma nɔgɔya,0
ID_17739371314077,anw ka kɛ mɔgɔ sɔbɛ ye anw ka kɛ mɔgɔ kileni ye,0
ID_18293230314632,sevaliye ka sira mɛrgɛyi .,0
ID_17792430431519,yala bagatɔw lo mesie,0
ID_18049377315732,chissê balo la abi pigeons balo la,0
ID_18559608316273,yiri jalan bi filaburu jalanw cɛma,0
ID_17311914316823,a nɔgɔnale na ye erɔpu ka mytyalizatiɔn ye,0
ID_19602139431737,ni be sine latinoamerikano mɔgɔ dɔ lo ye.,0
ID_196093227.4318,a yi bibli caaman tigi ye.,0
ID_19222362431854,ni walia ni,0
ID_17871901319205,boli ka sira tanisabanan,0
ID_18477002431975,dɔtɔrɔso muso ɲumaw,0
ID_17816438320288,nne hanri wa? ni ye mun ɲiningali ye?,0
ID_17956587320834,a bi ne jɔrɔra tiɲɛna,0
ID_18052761321382,nin yi mun kunfinya ye?,0
ID_17379640321918,ne ma bana ji kɔnɔ.,0
ID_19790631322457,a tun bi se kɛ o y'a sove,0
ID_17437687323063,nin mɔgɔkɔrɔba nin.,0
ID_17804664323704,sizɛr le beyi sɔgɔmada nin na.,0
ID_17792884324262,denmisenw bɛɛ.,0
ID_18068150324799,a kana jɔrɔ,0
ID_19446418325337,a dencɛ mɛnrad le y'a ciɲɛ ta.,0
ID_18539223325871,rian ɛr lɔgɔ bɔra n na,0
ID_17362759432641,nin ye kura ye,0
ID_18624294326944,sapɛl fitini cɛɲumani,0
ID_18559595327512,brizit ka di aw ye wa,0
ID_18432629328046,n ka kɛta le tun ye ni ye,0
ID_18068258328578,mirɛ fana y'a kɛ komi ne ta,0
ID_17336740329329,fiman mugan a ni saba,0
ID_19159749432987,franki ye mɔgɔ kolon ye mɔgɔ yada nin no e pi a bi se zerar dalabɔla.,0
ID_17413138433041,a bi gwa kɛ yɔrɔ la.,0
ID_17354240433095,yan le a be yi.,0
ID_19602516331486,koni tina yèlèma fio,0
ID_18499666332027,ɛsipaɲɔl tɛ italiɛn tɛ,0
ID_17801099332564,a ta ni damatɛmɛna,0
ID_17311921333174,a bina bara kɛ kari don.,0
ID_18913068333708,nin tu ye kɔnɔ ye,0
ID_17418575334242,fasugu de jugu,0
ID_17339169334867,sigilan den mugan naani labɔ,0
ID_17332536335403,belebeleba den naani,0
ID_17324806335928,a bi na sumaya kojugu,0
ID_18695919433646,koni bè bina akili sigi,0
ID_17338165336998,jurunalisi tɔgɔ nin de y'a halala ye,0
ID_19433705433753,yɛlɛmani lo ɲuma dona jata fɛn fila miw tu tara ni,0
ID_19603243338064,mina bila yɔrɔ ni sɛbɛn bila yɔrɔ bi gari nin kɔnɔ,0
ID_19592713433859,djen koulou ni fanga bna,0
ID_19974968339232,nin mɔgɔ kuntan ni bi na lɔn jogokolonya le,0
ID_17536738339764,a ye gwakɛla ta,0
ID_19686222340377,a digilen ba ra dɔɔni,0
ID_17569259434092,kuma maram santal le bolo,0
ID_17923429434145,foyi tougou a koun bâ fôra na bâ kounsigi sama na,0
ID_17307564434199,marakalan ye.,0
ID_19615675342527,a la ban kagni,0
ID_17366617343147,a ta lon i yé ma min gné,0
ID_18478197343705,mɔgɔsi ta sɔsɔra,0
ID_18463059344287,kanu goman ba,0
ID_17789719344854,a ka muso bi bara kɛ min le ?,0
ID_18427441345412,anw an bi n'a kalan,0
ID_18463725434605,o b'a ladonna.,0
ID_19599123346611,n ma jaabi sɔrɔ,0
ID_17362170434717,n bi sɔgɔ kana sisan,0
ID_17798316347727,n bi se ka fɔ,0
ID_19623525348283,o bi se kana foli lase a ma ali bele,0
ID_17993273434897,den joli le be yi ?,0
ID_17490266349532,sɔgɔmada nin nɛgɛkayan kɔnɔntɔnin.,0
ID_18021506350076,gnan yé sissan,0
ID_17437691435062,a ɲa tun bɔra juman la.,0
ID_17767196351163,a be se caama la.,0
ID_17861529435179,a ko di roxane ?,0
ID_18623636435236,a bi a yèrè ko mi dè mi sin ni,0
ID_18539703352975,oo deeni i bi mi ne,0
ID_17325663353526,tiɲ,0
ID_18187777354064,tiɲɛna n'a tun tora yan,0
ID_19423900354608,ka to ala ka kɔnɔ b'a la a b'o janfa ni isisi ye,0
ID_18464215355147,nin pantɔlɔn ni ka bon ne ma,0
ID_17344296355683,ala ka hɛrɛkɛ bɛ ye,0
ID_19602842356246,santa bi tuluz,0
ID_19614764356785,kabi ni nounou ne klara,0
ID_19760906374032,sisan nin jɛnkulu ni y'o yɛrɛ mabɔr'a dusukasi nin fangara,0
ID_18342102437538,tumao tuma n'a sɔn n'a k'a sago sera n bina ni yɛlɛmani ni bɔɔ ara,0
ID_18997104437644,nin sosiete nin bi se ayɛrɛ kɔrɔ nafolo kora,0
ID_17806122377396,leklɛr ajaso ka kur,0
ID_19098914437836,a bi sɔrɔ ɲanaman yutib kan,0
ID_19905913379547,a toum kèra sèbèli kèla ou ka yamôgô yé,0
ID_19005678380496,oyi douhou ni lon a ména koyi,0
ID_19644964381433,pagole toumbé badji gèrè fê,0
ID_18700195382432,iodone yi vers fila ban yan kelé,0
ID_18655584383595,kongofɛn wɛrɛw.,0
ID_19759995384727,o fila nin bɔra dinasɔ jr. .,0
ID_17997409385657,n ka fugulan bi n bolo,0
ID_19680620.43865,ɲamɔgɔ bilara sen kan,0
ID_18449832438736,n ye injeniɛri kalan kɛ.,0
ID_18472788389057,mɔgɔw sera yan,0
ID_17333398393785,an bina an yɛrɛ kalan.,0
ID_18006347395058,i ba lɔn,0
ID_17402109439613,mu kɔsɔn i kaɲi ka galon tigɛ,0
ID_18427506397194,a kaɲi ka bɔ,0
ID_17825854398282,boon gwɛma bisaba a ni fila,0
ID_18113770439994,a ni ce mese maritɔn.,0
ID_18233882400945,ayi sabari k'a fɔ n ɲana.,0
ID_18220704440188,lala ya kounta,0
ID_17332347.44029,a taga bolo kan,0
ID_17341762403784,n facɛ tun be yi,0
ID_185764247.4405,mina koulé yiri ni kan,0
ID_17391147409757,kalan nafaman,0
ID_20018433441171,n bi n ka muso lɔn.,0
ID_18845689415584,koo a ni cee kɔsɔbɛ,0
ID_17353328417055,a ka livrula,0
ID_18276146441943,ala a gwan ni ne n kun,0
ID_18548168420671,gama b'i fɛ.,0
ID_18030814421787,a t'a kɛ.,0
ID_17738604442296,a bamuso kun b'a minɛna dan na.,0
ID_18047372424067,ayé na wagati la teli,0
ID_17391979425142,ɛseki a bi barakɛ kaɲɛ wa,0
ID_18408497426215,prefe tun ba boɲɛ,0
ID_18093015427273,a dimi ni bɛ n kɔrɔ' a,0
ID_17833885428341,sisan mesie matalɔn a ye don,0
ID_17932902429667,an ka bara d'a ma,0
ID_18051441431005,dolar den tan ni wolonfila nin,0
ID_18828458432049,a ye kuma madam bɛrgam fɛ,0
ID_17341674433174,ka taga jfo dugubala,0
ID_18247037443423,n bi nin fɔra ka tulon le kɛ.,0
ID_17905029435308,a bina n hakili jigi wa?,0
ID_18582190443636,n y'a ka ladiluw lamɛ.,0
ID_19786759443741,famacɛ y'a yɛrɛ kɛ tulogweren ye.,0
ID_19798929438472,ɲapiriparia nin bɛ tun tununa.,0
ID_18015468439716,i larala k'a tun kadi a ye wa?,0
ID_18050328440784,risi ka federasiɔn.,0
ID_17410211444962,sama den saba.,0
ID_19790558446132,aloɛs foro,0
ID_18484587447148,sini be na fani ko,0
ID_17334043.44481,ɲinan san ni na.,0
ID_17382022449358,sira nin lo bi ta pɔr la.,0
ID_18478508450393,rɔbu nɛrɛmuguman wileman tɛ.,0
ID_17471150445142,n t'a mɛn na tuguni.,0
ID_17338674452431,sama mougan ani saba,0
ID_17546964445357,yan minè choigni na,0
ID_18114119454477,a filɛ a nana n ma cogo ya simina,0
ID_18177656480813,à ka tcha ni dollars loru yé,0
ID_18051718448216,fɛn dɔ tuguni,0
ID_19502632483275,o bi mansin fila le sɔrɔ.,0
ID_17318092448439,a yi a laban le,0
ID_17313437485476,a lon fana k ɛ,0
ID_17343829486535,ne taw le,0
ID_18049965487562,"aw m'a fɔ mɔgɔ ɲana, mɔgɔ si.",0
ID_19710997488955,mogo tan ani fila kagni ka massa ya gnini,0
ID_19967200490118,ni ko ni lo ya kè,0
ID_19038834449114,nin bi fɛ ka misi ta i ka fɔ fɛn dɔ min bi se ka ɲanabɔli kɛ a ka furusa ko la.,0
ID_18198779492366,leve bi lizeriyɛn zan sɛn nunu ka kuruwa ra.,0
ID_17738022493387,n lanino a ra ka bi n'a dia o ye,0
ID_17366563494343,tuma dɔw ra,0
ID_17711902495382,n tun ba fɛ ka taga ferelikɛ yɔrɔla,0
ID_18719998.44963,nin daba ni bi n sigɛn.,0
ID_17682088497309,tiyɛn le a bi mɛnɛ.,0
ID_18250194449857,aya tigê minè,0
ID_18058585499898,joona joona,0
ID_18576616500988,ka sɔrɔ mina n'a laban yan,0
ID_18594144450208,an bi jɛn ɲɔngɔn kan wa,0
ID_17312299503317,layidu sutra i,0
ID_18574423504356,ibi seka nka doudou mina wa?,0
ID_19683253505408,o kaɲi ka kɛ o bi don yen a?,0
ID_19619841506497,nènè touma na bè bi yèrè yala,0
ID_19455990450752,ali a dan tuma n'a diɲɛ nin ka dɔtɔrɔw tuma cama y'o ka logo fale,0
ID_18350639508657,"poli zanɛti , sira mugan ani kelen, bisaba ni segi, kɛmɛ, grenɔbli .",0
ID_19737733510057,ɲɔgɔnminɛtulon nin tun kɛra tulon le kama.,0
ID_19665031510796,dɔw kun b'o walawala la iko bagabaga min hakili ka bon.,0
ID_17320093511373,a ti djen a kô gêlê ya wagatira,0
ID_18139411511929,yèlèmani laban lo,0
ID_19844514451262,ni sigi râ ya môgô datila kama,0
ID_19575482451318,ezatula zargani a yi kalan kɛ teran ka inivɛrsite politeknike ra.,0
ID_18186559451373,o ka tiɲɛ bi mɔgɔ siran.,0
ID_17704621514272,siraba tan ni kelen beyi bisaba ni duuru zero zero zero rɛn,0
ID_18770150514818,"tan ni saba sira zeyane banini ni segi, kɛmɛ marvezɔl .",0
ID_19680118515367,ko mairi ka bara da yira,0
ID_18219611515896,n balimamuso ! ɔnhɔn a kɔrɔ ma janya n na.,0
ID_19676694516437,a wolola aciano min gwɛrɛ nin bɛ vɛnsi law ka so kɔnɔ.,0
ID_18007002516973,"kare mugan ani segi min tɔgɔ ko zan miro , bisaba ni wolonfila, fu, fu, fu ni kare tur ye.",0
ID_18475554517517,mun lo bina sɔrɔ ale kɔfɛ.,0
ID_19790048451825,a ye ko ɲɛnɛman ye a wagati ɲuman na.,0
ID_18681494519033,fɛnfilɛta beyi fo ka ta se kilomɛtr kelen ale ni cɛmancɛ ma.,0
ID_19826570519777,nin kɛrɛ siyɛn fɔlɔ ye nunu mɔgɔfila nunu bina ɲɔgɔn kunben mɔgɔkelen kaɲi ka bɔ min na.,0
ID_19672881520345,jama ka fanga ɲɛfɛ moli minw tun yi ko nin labɛn o fana banna.,0
ID_18186599520893,buvoir kɔnɔ o bɔra tululaman,0
ID_18817411452143,", foyi t'a kɔnɔ? jekan wɛrɛ.",0
ID_19752168521973,o bora dougou bâ ra,0
ID_19328722522514,magasin wou toumbi yôrô bê,0
ID_19472939523044,i bi balola ni alah ka se yé,0
ID_18602921523578,djii tounou nan kinkin nan,0
ID_18634415524212,"na ya fo ko kokèta magni,mbi na dbami ni yèlè yé",0
ID_19778292524753,jésus christ ti son tôrô ni ma,0
ID_19767166525294,ni djinkoulou tôgô bôra a mê na,0
ID_18059155525833,kana lara espagnol djoli bâ ra,0
ID_18019898526365,a ka sèbè li kagni kodjougou,0
ID_17485144526904,mɔgɔ caman be boonba ni kɔnɔ,0
ID_18405699452744,a ko ka di ne ye,0
ID_18350641528067,kelen tɛ.,0
ID_20027199452861,an bi juru tigɛra.,0
ID_19620771529572,a kɛra mɔgɔ ba ye tanzanie,0
ID_18692444530241,a kagni ka dôbô mogo ra,0
ID_18372028530792,sirabada kamikoro,0
ID_18436749531333,dumini kɔgɔ kɛra komi a bi n faga ale nin mi lɔgɔ kɛra komi a kan n fasa,0
ID_19296217.45319,dayoni ka gaso mɔgɔ dɔ a ye kristɛt oyono furu min y'a baliman muso ye,0
ID_19907692532473,mogô chi ma da yèlè,0
ID_19203151533038,ale ni kasandre ya kɛ n y'a kanu a kɛwali kɔsɔn.,0
ID_17379580453359,a teri nin be lɔndr wa,0
ID_18388585534137,sira min bi ta bɔ katland ka taga laɲi,0
ID_19446974534678,birgar naaninan nuw laban n'a birgi ɲafɛ,0
ID_19694802535227,o kɔfɛ roz yi gaga di wilɔv ma,0
ID_17732744535863,an bi na wari ni tigɛ a ka kontira nin kalo ni tle tan ni duuru,0
ID_18230278453642,a bada a tina mɔgɔ foyi kubɛn o yɔrɔra,0
ID_18570159536974,omɛr tua jɔrɔ ka taga yɛrɛ sɔrɔ ɛlvir ni omɛr cɛmancɛra,0
ID_18626521537582,a kana a koun gan,0
ID_19728600538226,a choko râ ka fourou,0
ID_18075116538975,alou doron lo bi in fè,0
ID_18485128.45397,a bi dôvô mousso fè,0
ID_18834207540327,ambi na yè,0
ID_19030645540877,a yi kourou djan ya ta,0
ID_18772138541416,kouma bi yanik bolo,0
ID_18077045542058,i lanibala k'a kun kad'a ye ?,0
ID_18170326.45426,yɔrɔ ni wolomani gwɛlɛyara ma,0
ID_19790551543147,fɛn kelen drun le tu bé yi ka k ɛ,0
ID_18344583454369,ani sigoma tchè,0
ID_18443469544225,welé ni kè oubien i be ta,0
ID_19706834454476,a bila la san ji kalo lo kan,0
ID_18926356454528,janbala le y'a ka sefu ye,0
ID_18203095545803,a nana antoine kan,0
ID_18835880546328,a kèra komi a ka nôgô,0
ID_19092567546864,novembre ka djama wili,0
ID_17421935547484,yiriden bi tabali kan.,0
ID_18576500548101,a ba kɛ kaɲɛ komi fama,0
ID_17563419548655,a yɔrɔ man jan ko jugu.,0
ID_18754070549568,n yi bolonunsondiaman.,0
ID_20016005550118,a ka bonba bi wonsokɛti.,0
ID_17536516550662,aw kanu na,0
ID_17374432551196,desizion nunu ka liste.,0
ID_18392741551735,laonkɔrbeni ka sira,0
ID_17331056552274,miriya nunu ti keleen ye,0
ID_17368435552813,an ni sɔgɔma golf cɛ,0
ID_18034700553454,i bi bagatɛl fɛ lon a,0
ID_19822980455401,cɛkɔrɔba dɔg sɔnna.,0
ID_17994479455455,n ye n ka sɔn ni baliya bila a kan,0
ID_19234262555085,o yi ɲɔgɔn don,0
ID_18064755555616,i dɔgɔni tun kadia ye,0
ID_17958862455615,komi lɔgɔkun jan tɛmɛni,0
ID_18074959556682,an bi konsan na,0
ID_18064970557211,nin non ni ka jan,0
ID_17359028557812,k'a tɔgɔ ka fɔ,0
ID_17349066.45584,ka taga madagaskar la,0
ID_18266219559155,loransi ma ka jabili la minɛ,0
ID_17712775455971,binn nounou von na,0
ID_17945777560328,a tôgo bi yoro bê,0
ID_17341721560878,hum bougora,0
ID_17323891561412,a ti foyi kala ma,0
ID_17912553561949,a fo mr kedar yé,0
ID_18566056456248,an ti n'a fɔ denmisen,0
ID_18475857563012,bissaba ani livrou,0
ID_19322448563544,a kahni bâ lon,0
ID_18188667456408,n bi n ka layɔrɔla,0
ID_19795667564703,n ta ka kuma mɛna,0
ID_18462255565246,ne ka miriya ta la an bi n'a se ka kɛ,0
ID_19383487565778,a ba don,0
ID_18475584566302,sisan an bi n'a jurumu kɛ,0
ID_18602793566836,a tun bi n'a kogo nunu maraka,0
ID_18421645567604,a wagati tɛmɛna,0
ID_19944852568226,"mɔgɔ min kun ye piyano fɔla ye, saksofonfɔla ye, gitarfɔla ye a kun bi dɔnkili sɛbɛ, a fana bi mɔgɔ dɛmɛ dɔnkilila, mɔgɔ ma deli ka baara yira a ra.",0
ID_19167393568903,ni mohô ya ta ka ma kla,0
ID_19155932569464,famamuso beyi nin kɔsɔn ale ta lasɔn na.,0
ID_17674490570007,sira bissaba ni kelé,0
ID_19690136570637,oyi koni gêlèya kodjougou,0
ID_19710341571187,"komi a djarabila carte la,a bi fè ka kè dina mori yé",0
ID_17868809571726,jona ! etɛr ka muso ka farmasi kɔnɔ.,0
ID_19520434572268,a soutrali kèra touba bou dougou ra,0
ID_17324983572797,ale ka tcha ya fè mogo,0
ID_17738020573328,a dji la ma lo,0
ID_19737736573865,a kɛ cogo ye fugan de ye,0
ID_17674249.45744,laban na i ko mun ? a b'a fɔra n'a bi anastazi lo filɛ ra.,0
ID_17846434574938,murelɛns ale ni gradiɲan ka sira.,0
ID_17931595457547,pari yɔrɔ ka jan ni dofine ye.,0
ID_18509016457609,aw kana wari nin bɛɛ ban.,0
ID_19296179576626,ka se ka taga kulu nin na ka gɛlɛn walisa a dogoni bɛ.,0
ID_17858526577155,"sɔngɔlaban, bresiliyɛn tu yan ?",0
ID_18139025577749,a filɛ den i kan jigi.,0
ID_19764213.45783,"komi koun loni tè ya na man,ni akili na ta ni ti ta",0
ID_20010500578936,lanagna tara,0
ID_17930995579484,n bi na taga sinema bon na bi wulada fɛ.,0
ID_19964638580019,a ka ɲi ka toyi i na fɔ mɔgɔ dɛmɛla.,0
ID_17871953458055,ko bi mesie piɛr maran bolo pur ke ka se ka amandeman nimoro kɛmɛ fila an biseegi siteni,0
ID_19261405581091,joseph dalton ka ko man nôgô,0
ID_18173538581707,noël bi sourougnana tchama,0
ID_19991622582245,kabi sôgôma a tara min dô,0
ID_18355983458278,kélè bolo kan,0
ID_17410850458331,cinema bi yan yɔrɔ fan na.,0
ID_17410928583852,a y'a flɛ a cɛkaɲi cogo min na,0
ID_17402107584394,so jɛman fila .,0
ID_18848673584932,bulevar tutɛn min be satodɛn .,0
ID_17844859585464,dji kongo toun bi yini ka faga,0
ID_17352198585984,nne talɔn ɲanaman,0
ID_18388919586506,peti jyas ka sira min be kann,0
ID_17336249587123,a ye naa now ye yan,0
ID_17358768458772,aw bi see ka i sɔrɔ,0
ID_17459001588277,aka miri ta yi djoumè yé ?,0
ID_17557891588916,"munlo b'aw la, luwiz .",0
ID_17404929589493,a yi famaw welee,0
ID_18566218590034,an ba yera ka ba fɛ,0
ID_17364701590566,muso den tan ni naani,0
ID_17418452459109,ne ti lon,0
ID_18446188591615,nin muso mani nin cɛkaɲ fo ka tɛmɛ,0
ID_18071351459222,n ta ni ɲɔgɔn ne wula ni na,0
ID_18219613592862,angilɛ ka di n ye.,0
ID_18493102593415,bara beyi,0
ID_19502307593954,a yi sa bâ lo yira,0
ID_18882351459449,boni yé,0
ID_17355802595022,a bɛ ti kelen ye.,0
ID_18091765595559,wala kongon bin na,0
ID_18537234596088,ka tèmè lon djouma?,0
ID_17927830596617,polonais sodassi ou bé,0
ID_17761370597147,un lani bara ka bi na dia aw yé,0
ID_18052607597738,ika ban gê baga lo wa?,0
ID_17537763598367,i ti kafé fè wa?,0
ID_19719743599018,jɛkulu fila nunu bi tagara dɛ,0
ID_17324766599555,a kagni k ladili kalan,0
ID_18966761600077,a bɔni no sirtɛr le parɔl ma wagati kelen ni kɔnɔ,0
ID_18337412460061,yan ni tile saaba taga,0
ID_19702543601135,a saara ni bana banbali ye a wotora pari,0
ID_18764923460165,ayiva ya fè gnorô ta va di movo wèrè ma,0
ID_19766542602184,pont tchama bi ni dji sira tèmè,0
ID_18398054602718,sira ganssan ni kèmè saba,0
ID_19798275603248,an ti sɔn ka jaatigɛ,0
ID_19761797603863,n facɛ do? n facɛ.,0
ID_18680234604392,san pɛrɛn faralakan,0
ID_17410947604928,yan durɔn,0
ID_17307357605498,n tu ti foyi kɛra tilɛ,0
ID_18125849606032,sani wagati ké le un tina tèmè ni de mousso yé,0
ID_18476486606564,déni fitini,0
ID_18595573607093,n nana teki ni n ka bagenbagaw ye n ka deminsen tuman n'a.,0
ID_17871805607618,nin beyi a ma mɛn.,0
ID_17353609608226,n dalebala ko a bi na dia an ye,0
ID_17817686608846,ale lo yi nin latigɛ.,0
ID_17459582460948,onhon n bi na na,0
ID_19650749461008,a kɛra alɛsandɛr rutu ka facɛ le ye,0
ID_18960058610631,a yi masaya sɔrɔ.,0
ID_17402300461116,tuma cama be yi,0
ID_17359870461169,a nɛrɛmugulaman.,0
ID_18436719612224,anw bi fɛ k'aw ye nunsɔndiya ra.,0
ID_17447191461276,o bi boli la.,0
ID_18171033.46133,n bi ni nanji tasa kelen ye,0
ID_18582221613826,min i jura,0
ID_17383760614358,a labɛn ni no a,0
ID_17324848614973,ɔhɔ an bi se k'o sɔsɔ.,0
ID_18333496615524,an bi kalo tile joli lo ra bi?,0
ID_18736133616053,a tougoura a ka lonnia kô,0
ID_19793163616587,kelé bina bônon kele na,0
ID_17840008617121,nga abi mè kilé kononton wa,0
ID_17386922617715,a kèra ika baliman yé wa?,0
ID_17448146461827,dondonni,0
ID_17388152618897,bi saba.,0
ID_18254813461944,a tchè kagni,0
ID_17308229619973,a bi konon kissê dona,0
ID_17366385620683,a bi dhii tcjaman min ka sôrô ka la,0
ID_19719069462124,sylvie balia mousso ka den lo?,0
ID_17359997621794,un konon nougou bin dimi na,0
ID_17349232462234,en bè kountara dougou konnon,0
ID_18696398622908,an bina daminè tougou,0
ID_18077156623466,fantan djamanan nan,0
ID_18672929624004,fè wou ban mara,0
ID_17332485624543,anw b'a kalanna.,0
ID_17319547625075,ali ne ka aspiratɛr,0
ID_19774885625614,bere fili ra.,0
ID_17405744626334,aw man kɛnɛ.,0
ID_19074638626892,makim bɔra jim ka gundo kalama.,0
ID_19759971627433,aya yé ko taga bolo kagni,0
